{"cameraMode":{"drawMode":0,"name":"Shaded","section":"Shading Mode"},"sceneLighting":false,"audioPlay":false,"sceneViewState":{"showFog":true,"showMaterialUpdate":false,"showSkybox":false,"showFlares":true,"showImageEffects":true,"showParticleSystems":true},"in2DMode":false,"pivot":{"x":40.57560729980469,"y":0.3188910484313965,"z":77.1589126586914},"rotation":{"x":0.03302492946386337,"y":0.6783186793327332,"z":-0.03054504282772541,"w":0.7333894371986389},"size":17.147302627563478,"orthographic":false}